{ "rules_update_matches_on_show_update" : {
  "LABEL" : "Update matches on show update",
  "PLUGIN" : "reaction rule",
  "OWNER" : "rules",
  "REQUIRES" : [ "rules", "php" ],
  "ON" : { "node_update--show" : { "bundle" : "show" } },
  "IF" : [
    { "NOT data_is" : {
      "data" : [ "node:field-start-date" ],
      "value" : [ "node-unchanged:field-start-date" ]
    }
    }
  ],
  "DO" : [
    { "LOOP" : {
      "USING" : { "list" : [ "node:field-matches" ] },
      "ITEM" : { "match" : "Match" },
      "DO" : [
        { "php_eval" : { "code" : "grunfes_update_match_date($node, $match);" } }
      ]
    }
    }
  ]
}
}